<?xml version="1.0" encoding="UTF-8"?>
<project-private xmlns="http://www.netbeans.org/ns/project-private/1">
    <editor-bookmarks xmlns="http://www.netbeans.org/ns/editor-bookmarks/2" lastBookmarkId="0"/>
    <open-files xmlns="http://www.netbeans.org/ns/projectui-open-files/2">
        <group>
            <file>file:/C:/Users/sai/Documents/NetBeansProjects/BarberShop/web/salonHome.jsp</file>
            <file>file:/C:/Users/sai/Documents/NetBeansProjects/BarberShop/web/aprroveSalon.jsp</file>
            <file>file:/C:/Users/sai/Documents/NetBeansProjects/BarberShop/web/admin.jsp</file>
            <file>file:/C:/Users/sai/Documents/NetBeansProjects/BarberShop/web/services.jsp</file>
            <file>file:/C:/Users/sai/Documents/NetBeansProjects/BarberShop/web/dateInput.jsp</file>
            <file>file:/C:/Users/sai/Documents/NetBeansProjects/BarberShop/web/myAppointments.jsp</file>
            <file>file:/C:/Users/sai/Documents/NetBeansProjects/BarberShop/web/salonInfo.jsp</file>
            <file>file:/C:/Users/sai/Documents/NetBeansProjects/BarberShop/src/java/com/login/Login.java</file>
            <file>file:/C:/Users/sai/Documents/NetBeansProjects/BarberShop/web/removeSalon.jsp</file>
            <file>file:/C:/Users/sai/Documents/NetBeansProjects/BarberShop/src/java/com/salon/UpdateSchedule.java</file>
            <file>file:/C:/Users/sai/Documents/NetBeansProjects/BarberShop/src/java/com/salon/PdfGenerator.java</file>
            <file>file:/C:/Users/sai/Documents/NetBeansProjects/BarberShop/web/newjsp.jsp</file>
            <file>file:/C:/Users/sai/Documents/NetBeansProjects/BarberShop/web/login.jsp</file>
            <file>file:/C:/Users/sai/Documents/NetBeansProjects/BarberShop/web/dateSelect.jsp</file>
            <file>file:/C:/Users/sai/Documents/NetBeansProjects/BarberShop/web/index.jsp</file>
            <file>file:/C:/Users/sai/Documents/NetBeansProjects/BarberShop/web/addService.jsp</file>
            <file>file:/C:/Users/sai/Documents/NetBeansProjects/BarberShop/web/salons.jsp</file>
            <file>file:/C:/Users/sai/Documents/NetBeansProjects/BarberShop/web/salonRegister.jsp</file>
            <file>file:/C:/Users/sai/Documents/NetBeansProjects/BarberShop/web/apptComplete.jsp</file>
            <file>file:/C:/Users/sai/Documents/NetBeansProjects/BarberShop/web/salonNav.jsp</file>
            <file>file:/C:/Users/sai/Documents/NetBeansProjects/BarberShop/web/updateProfile.jsp</file>
            <file>file:/C:/Users/sai/Documents/NetBeansProjects/BarberShop/src/java/com/salon/DeleteSalon.java</file>
            <file>file:/C:/Users/sai/Documents/NetBeansProjects/BarberShop/web/adminReport.jsp</file>
            <file>file:/C:/Users/sai/Documents/NetBeansProjects/BarberShop/web/showAppointments.jsp</file>
            <file>file:/C:/Users/sai/Documents/NetBeansProjects/BarberShop/src/java/com/salon/UpdateSalonInfo.java</file>
            <file>file:/C:/Users/sai/Documents/NetBeansProjects/BarberShop/web/updateSalonInfo.jsp</file>
            <file>file:/C:/Users/sai/Documents/NetBeansProjects/BarberShop/web/billDisplay.jsp</file>
            <file>file:/C:/Users/sai/Documents/NetBeansProjects/BarberShop/web/apptService.jsp</file>
            <file>file:/C:/Users/sai/Documents/NetBeansProjects/BarberShop/web/appointment.jsp</file>
            <file>file:/C:/Users/sai/Documents/NetBeansProjects/BarberShop/src/java/com/account/DeleteAccount.java</file>
            <file>file:/C:/Users/sai/Documents/NetBeansProjects/BarberShop/src/java/com/account/UpdateProfile.java</file>
            <file>file:/C:/Users/sai/Documents/NetBeansProjects/BarberShop/web/salonReport.jsp</file>
            <file>file:/C:/Users/sai/Documents/NetBeansProjects/BarberShop/web/selectServices.jsp</file>
            <file>file:/C:/Users/sai/Documents/NetBeansProjects/BarberShop/web/payment.jsp</file>
        </group>
    </open-files>
</project-private>
